{"position": {"A2-S4": {"y": 19, "x": 389}, "A4-S3": {"y": 74, "x": 634}, "A2-S2": {"y": 3, "x": 298}, "A2-S3": {"y": 0, "x": 359}, "A2-S1": {"y": 39, "x": 249}, "B1-S4": {"y": 344, "x": 54}, "B1-S1": {"y": 221, "x": 138}, "B1-S2": {"y": 254, "x": 71}, "Internet": {"y": 272, "x": 372}, "C2-S1": {"y": 413, "x": 594}, "C2-S2": {"y": 377, "x": 644}, "C2-S3": {"y": 334, "x": 656}, "C2-S4": {"y": 292, "x": 648}, "B1-S3": {"y": 297, "x": 48}, "B1-1": {"y": 300, "x": 148}, "B1-2": {"y": 378, "x": 185}, "A1": {"y": 187, "x": 321}, "A2": {"y": 191, "x": 386}, "C2": {"y": 290, "x": 470}, "C1": {"y": 331, "x": 445}, "A1-4": {"y": 88, "x": 538}, "A1-1": {"y": 81, "x": 227}, "B2-S3": {"y": 453, "x": 144}, "A1-3": {"y": 81, "x": 416}, "A1-2": {"y": 75, "x": 324}, "A1-S3": {"y": 13, "x": 131}, "A1-S2": {"y": 63, "x": 118}, "A1-S1": {"y": 113, "x": 141}, "A4-S1": {"y": 15, "x": 579}, "A4-S2": {"y": 31, "x": 612}, "A1-S4": {"y": 8, "x": 215}, "A3-S1": {"y": 46, "x": 399}, "A3-S3": {"y": 43, "x": 498}, "A3-S2": {"y": 27, "x": 460}, "A3-S4": {"y": 91, "x": 491}, "C1-S1": {"y": 456, "x": 400}, "A4-S4": {"y": 118, "x": 639}, "C1-S3": {"y": 488, "x": 500}, "C1-S2": {"y": 483, "x": 437}, "C1-S4": {"y": 456, "x": 551}, "B2-S4": {"y": 463, "x": 189}, "B2-S1": {"y": 374, "x": 70}, "B1": {"y": 283, "x": 243}, "B2": {"y": 321, "x": 260}, "B2-S2": {"y": 419, "x": 97}, "C1-2": {"y": 340, "x": 577}, "C1-1": {"y": 423, "x": 476}}, "scale": 0.7599624282007584, "translate": [106.57527293639163, 66.2437947517234]}