{"position": {"C4-S2": {"y": 378, "x": 874}, "C4-S4": {"y": 273, "x": 836}, "C2-S1": {"y": 663, "x": 541}, "A2-S4": {"y": -103, "x": 318}, "A4-S3": {"y": 112, "x": 723}, "A2-S2": {"y": -115, "x": 173}, "A2-S3": {"y": -113, "x": 242}, "A2-S1": {"y": -62, "x": 142}, "B1-S4": {"y": 314, "x": -27}, "B4-S2": {"y": 664, "x": 132}, "B4-S1": {"y": 637, "x": 93}, "B1-S1": {"y": 174, "x": 23}, "B1-S2": {"y": 209, "x": -50}, "Internet": {"y": 272, "x": 372}, "C3-S3": {"y": 533, "x": 832}, "B4-S3": {"y": 680, "x": 178}, "B3-S3": {"y": 613, "x": -27}, "C2-S2": {"y": 700, "x": 602}, "C2-S3": {"y": 720, "x": 662}, "C2-S4": {"y": 681, "x": 686}, "B1-4": {"y": 542, "x": 163}, "B1-S3": {"y": 263, "x": -43}, "B1-1": {"y": 254, "x": 59}, "B1-2": {"y": 384, "x": -1}, "B1-3": {"y": 512, "x": 24}, "A1": {"y": 173, "x": 299}, "A2": {"y": 173, "x": 415}, "C3-S2": {"y": 585, "x": 816}, "B3-S2": {"y": 594, "x": -73}, "C2": {"y": 273, "x": 493}, "C1": {"y": 367, "x": 425}, "B3-S1": {"y": 540, "x": -88}, "B3-S4": {"y": 643, "x": 21}, "A1-4": {"y": 74, "x": 600}, "A1-1": {"y": 88, "x": 129}, "B2-S3": {"y": 442, "x": -124}, "A1-3": {"y": 27, "x": 427}, "A1-2": {"y": 30, "x": 287}, "A1-S3": {"y": -14, "x": 34}, "A1-S2": {"y": 41, "x": 8}, "A1-S1": {"y": 106, "x": 22}, "C4-S1": {"y": 441, "x": 837}, "A4-S1": {"y": -3, "x": 686}, "A4-S2": {"y": 47, "x": 746}, "A1-S4": {"y": -12, "x": 113}, "A3-S1": {"y": -119, "x": 439}, "A3-S3": {"y": -92, "x": 578}, "A3-S2": {"y": -122, "x": 534}, "A3-S4": {"y": -51, "x": 605}, "C1-S1": {"y": 624, "x": 316}, "A4-S4": {"y": 154, "x": 685}, "C1-S3": {"y": 693, "x": 418}, "C1-S2": {"y": 671, "x": 354}, "C1-S4": {"y": 660, "x": 479}, "C3-S1": {"y": 625, "x": 780}, "C4-S3": {"y": 318, "x": 864}, "B4-S4": {"y": 661, "x": 242}, "B2-S4": {"y": 472, "x": -96}, "B2-S1": {"y": 336, "x": -111}, "B1": {"y": 266, "x": 254}, "B2": {"y": 358, "x": 303}, "B2-S2": {"y": 394, "x": -150}, "C1-3": {"y": 527, "x": 716}, "C1-2": {"y": 577, "x": 601}, "C1-1": {"y": 566, "x": 455}, "C3-S4": {"y": 502, "x": 818}, "C1-4": {"y": 364, "x": 759}}, "scale": 1.3947436663504051, "translate": [-158.34581082827003, -112.2909135999355]}